Model,MAE,RMSE,MAPE,R2
LSTM,9.134279266669104,11.369683907542228,30.158858288271222,0.4582221844949045
XGBoost,14.393664224452209,16.421342693719215,63.618805857783265,-0.130164768987876
ARIMA,13.394285529336406,16.015309699609546,71.4857961824769,-0.07496696647113965
SMA-7,7.868119009297079,10.376462950247449,25.83872863740359,0.5487438690521182
Naive,5.589732472425288,7.667670397141023,17.07882958707708,0.7513586270526648
